Name,CVV,Card_Number,Month,Year,PIN,Balance
Malcolm Clark,297,4764426908210670,3,2026,1231,5777
Ava Collins,536,4575069737903460,3,2021,4214,2666
Anna Miller,434,4164234032599500,7,2023,4214,8802
Aydan Moore,797,4808994882855110,9,2020,3123,6314
Paityn Wilson,396,4097787341056780,11,2024,4124,9441
Tabitha Wright,495,4855650475356600,10,2026,4234,2167
Mia Allen,218,4505153140685040,12,2026,6546,9082
Aiden Green,564,4325883187787040,12,2024,3453,6441
Andrew Campbell,738,4897900424281400,2,2020,5245,3605
Hannah Gonzalez,400,4832067917296860,3,2023,8756,2934
Dixie Evans,793,4821509830254830,3,2023,4234,5383
Finnegan Johnson,901,4006779762814780,12,2025,6543,3077
Jolie Jackson,670,4682772843726670,2,2021,2342,3142
Taylor White,666,4076809004481830,10,2025,4234,5725
Selina White,434,4407203457695490,3,2024,1312,8890
Daniel Turner,500,4537164423207810,12,2026,6456,3271
Ethen Thompson,125,4785921557624160,1,2026,3245,7871
Miranda Brown,223,4614927663241440,11,2023,5683,3188
Julia Phillips,918,4918202043518600,2,2024,1235,8129
Christopher Anderson,130,4455676590886770,11,2020,5342,2068
